{"cameraMode":{"drawMode":0,"name":"Shaded","section":"Shading Mode"},"sceneLighting":true,"audioPlay":false,"sceneViewState":{"m_AlwaysRefresh":false,"showFog":true,"showSkybox":true,"showFlares":true,"showImageEffects":true,"showParticleSystems":true,"showVisualEffectGraphs":true,"m_FxEnabled":true},"in2DMode":false,"pivot":{"x":-5.17047643661499,"y":3.000333786010742,"z":3.711595058441162},"rotation":{"x":0.0010908099357038737,"y":0.9988768100738525,"z":0.037475429475307468,"w":-0.029077235609292985},"size":2.106632947921753,"orthographic":false}